ab,"ab, from, away from, out of",2,"ab,","ab,","from, away from, out of","<gloss>from, away from, out of</gloss>"
absum,"absum, abesse, in general, to be away from, be absent",5,"absum,","absum,","to be away from, be absent","<gloss>to be away from, be absent</gloss>"
ad,"ad, to, toward",2,"ad,","ad,","to, toward","<gloss>to, toward</gloss>"
adeo,"adeo, to go to, approach; address, consult, undertake, submit",4,"adeo,","adeo,","to go to, approach; address, consult, undertake, submit","<gloss>to go to, approach; address, consult, undertake, submit</gloss>"
aeger,"aeger, unwell, ill, sick, diseased, suffering, feeble",5,"aeger,","aeger,","unwell, ill, sick, diseased, suffering, feeble","<gloss>unwell, ill, sick, diseased, suffering, feeble</gloss>"
aequor,"aequor, an even surface, level; (surface of the) sea",6,"aequor,","aequor,","an even surface, level; (surface of the) sea","<gloss>an even surface, level; (surface of the) sea</gloss>"
aerius,"aerius, of the air, aerial, high, heavenly",6,"aerius,","aerius,","of the air, aerial, high, heavenly","<gloss>of the air, aerial, high, heavenly</gloss>"
aes,"aes, crude metal, base metal, copper",3,"aes,","aes,","crude metal, base metal, copper","<gloss>crude metal, base metal, copper</gloss>"
Afri,Africans,4,Afric,"Afri,",Africans,<gloss>Africans</gloss>
ager,"ager, productive land, a field, farm, estate, arable land, pasture",4,"ager,","ager,","productive land, a field, farm, estate, arable land, pasture","<gloss>productive land, a field, farm, estate, arable land, pasture</gloss>"
agnus,"agnus, a lamb",5,"agnus,","agnus,",a lamb,<gloss>a lamb</gloss>
ago,"ago, to put in motion, move, lead, drive, tend, conduct",3,"ago,","ago,","to put in motion, move, lead, drive, tend, conduct","<gloss>to put in motion, move, lead, drive, tend, conduct</gloss>"
agrestis,"agrestis, of the fields, belonging to the country",8,"agrestis,","agrestis,","of the fields, belonging to the country","<gloss>of the fields, belonging to the country</gloss>"
ah,"ah, interj. --Of distress or pity, of reproach or admonition, of surprise",2,"ah,","ah,","interj. --Of distress or pity, of reproach or admonition, of surprise","<gloss>interj. --Of distress or pity, of reproach or admonition, of surprise</gloss>"
alibi,"alibi, elsewhere, somewhere else, at another place (cf. alio loco)",5,"alibi,","alibi,","elsewhere, somewhere else, at another place (cf. alio loco)","<gloss>elsewhere, somewhere else, at another place (cf. alio loco)</gloss>"
aliquot,"aliquot, some, several, a few, not many, a number",7,"aliquot,","aliquot,","some, several, a few, not many, a number","<gloss>some, several, a few, not many, a number</gloss>"
alius,"alius, another, other, different",5,"alius,","alius,","another, other, different","<gloss>another, other, different</gloss>"
altaria,altar,7,altar,"altaria,",altar,<gloss>altar</gloss>
altus,"altus, (nourished, grown great,) high, lofty, tall; deep",5,"altus,","altus,","(nourished, grown great,) high, lofty, tall; deep","<gloss>(nourished, grown great,) high, lofty, tall; deep</gloss>"
amarus,"amarus, bitter, pungent",6,"amarus,","amarus,","bitter, pungent","<gloss>bitter, pungent</gloss>"
Amaryllis,"Amaryllis, a shepherdess",9,"Amaryllis,","Amaryllis,",a shepherdess,<gloss>a shepherdess</gloss>
ambo,"ambo, both",4,"ambo,","ambo,",both,<gloss>both</gloss>
annus,"annus, a year",5,"annus,","annus,",a year,<gloss>a year</gloss>
ante,"ante, before, in front, forwards",4,"ante,","ante,","before, in front, forwards","<gloss>before, in front, forwards</gloss>"
antrum,"antrum, a cave, cavern, grotto (poet.)",6,"antrum,","antrum,","a cave, cavern, grotto (poet.)","<gloss>a cave, cavern, grotto (poet.)</gloss>"
apis,"apis, a bee",4,"apis,","apis,",a bee,<gloss>a bee</gloss>
ara,"ara, a structure for sacrifice, altar",3,"ara,","ara,","a structure for sacrifice, altar","<gloss>a structure for sacrifice, altar</gloss>"
Araris,the Saone (river in Gaul),6,the Sao,"Araris,",the Saone (river in Gaul),<gloss>the Saone (river in Gaul)</gloss>
arbor,"arbor, a tree",5,"arbor,","arbor,",a tree,<gloss>a tree</gloss>
arbustum,"arbustum, a place where trees are planted, plantation, vineyard planted with trees",8,"arbustum,","arbustum,","a place where trees are planted, plantation, vineyard planted with trees","<gloss>a place where trees are planted, plantation, vineyard planted with trees</gloss>"
arista,"arista, the top of an ear, beard of grain",6,"arista,","arista,","the top of an ear, beard of grain","<gloss>the top of an ear, beard of grain</gloss>"
aruum,"arvum, an arable field, cultivated land, field, ploughed land, glebe",5,"arvum,","aruum,","arvum, an arable field, cultivated land, field, ploughed land, glebe","<gloss>arvum, an arable field, cultivated land, field, ploughed land, glebe</gloss>"
at,"at, but",2,"at,","at,",but,<gloss>but</gloss>
auena,"avena, wild oats",5,"avena,","auena,","avena, wild oats","<gloss>avena, wild oats</gloss>"
aura,"aura, the air (in motion), a breeze, breath of air, wind, blast",4,"aura,","aura,","the air (in motion), a breeze, breath of air, wind, blast","<gloss>the air (in motion), a breeze, breath of air, wind, blast</gloss>"
aut,"aut, or",3,"aut,","aut,",or,<gloss>or</gloss>
barba,"barba, the beard",5,"barba,","barba,",the beard,<gloss>the beard</gloss>
barbarus,"barbarus, of strange speech, speaking jargon, unintelligible",8,"barbarus,","barbarus,","of strange speech, speaking jargon, unintelligible","<gloss>of strange speech, speaking jargon, unintelligible</gloss>"
bibo,"bibo, to drink",4,"bibo,","bibo,",to drink,<gloss>to drink</gloss>
bis,"bis, twice, at two times, on two occasions",3,"bis,","bis,","twice, at two times, on two occasions","<gloss>twice, at two times, on two occasions</gloss>"
bos,"bos, an ox, bull, cow",3,"bos,","bos,","an ox, bull, cow","<gloss>an ox, bull, cow</gloss>"
Britanni,Britons,8,Britons,"Britanni,",Britons,<gloss>Britons</gloss>
cado,"cado, to fall, fall down, descend",4,"cado,","cado,","to fall, fall down, descend","<gloss>to fall, fall down, descend</gloss>"
caelum,"caelum2, the sky, heaven, heavens, vault of heaven",6,caelum2,"caelum,","caelum2, the sky, heaven, heavens, vault of heaven","<gloss>caelum2, the sky, heaven, heavens, vault of heaven</gloss>"
caespes,"caespes, a turf, cut sod",7,"caespes,","caespes,","a turf, cut sod","<gloss>a turf, cut sod</gloss>"
calamus,"calamus, a reed, cane",7,"calamus,","calamus,","a reed, cane","<gloss>a reed, cane</gloss>"
candidus,"candidus, shining white, clear, bright",8,"candidus,","candidus,","shining white, clear, bright","<gloss>shining white, clear, bright</gloss>"
canis,"canis, a dog",5,"canis,","canis,",a dog,<gloss>a dog</gloss>
cano,"cano, to sing, to prophesy",4,"cano,","cano,","to sing, to prophesy","<gloss>to sing, to prophesy</gloss>"
capella,"capella, a she-goat",7,"capella,","capella,",a she-goat,<gloss>a she-goat</gloss>
capto,"capto, to strive to seize, lay hold of, catch at, snatch, chase, hunt, capture",5,"capto,","capto,","to strive to seize, lay hold of, catch at, snatch, chase, hunt, capture","<gloss>to strive to seize, lay hold of, catch at, snatch, chase, hunt, capture</gloss>"
caput,"caput, the head",5,"caput,","caput,",the head,<gloss>the head</gloss>
carmen,"carmen, a song, poem, verse, oracular response, prophecy, form of incantation, tune, air, lay, strain, note, sound",6,"carmen,","carmen,","a song, poem, verse, oracular response, prophecy, form of incantation, tune, air, lay, strain, note, sound","<gloss>a song, poem, verse, oracular response, prophecy, form of incantation, tune, air, lay, strain, note, sound</gloss>"
carpo,"carpo, to pick, pluck, pluck off, cull, crop, gather",5,"carpo,","carpo,","to pick, pluck, pluck off, cull, crop, gather","<gloss>to pick, pluck, pluck off, cull, crop, gather</gloss>"
caseus,"caseus, cheese",6,"caseus,","caseus,",cheese,<gloss>cheese</gloss>
castanea,"castanea, the chestnut-tree, a chestnut",8,"castanea,","castanea,","the chestnut-tree, a chestnut","<gloss>the chestnut-tree, a chestnut</gloss>"
catulus,"catulus, a young animal, whelp",7,"catulus,","catulus,","a young animal, whelp","<gloss>a young animal, whelp</gloss>"
causa,"causa, a cause, reason, motive, inducement, occasion, opportunity",5,"causa,","causa,","a cause, reason, motive, inducement, occasion, opportunity","<gloss>a cause, reason, motive, inducement, occasion, opportunity</gloss>"
cerno,"cerno, to separate, sift; distinguish, decide, comprehend",5,"cerno,","cerno,","to separate, sift; distinguish, decide, comprehend","<gloss>to separate, sift; distinguish, decide, comprehend</gloss>"
ceruus,"cervus, a stag, deer",6,"cervus,","ceruus,","cervus, a stag, deer","<gloss>cervus, a stag, deer</gloss>"
cesso,"cesso, to be remiss, delay, loiter, cease from, stop, give over",5,"cesso,","cesso,","to be remiss, delay, loiter, cease from, stop, give over","<gloss>to be remiss, delay, loiter, cease from, stop, give over</gloss>"
ciuis,"civis, a citizen",5,"civis,","ciuis,","civis, a citizen","<gloss>civis, a citizen</gloss>"
cognosco,"cognosco, to become acquainted with, acquire knowledge of, ascertain, learn, perceive, understand ; perf., to know",8,"cognosco,","cognosco,","to become acquainted with, acquire knowledge of, ascertain, learn, perceive, understand ; perf., to know","<gloss>to become acquainted with, acquire knowledge of, ascertain, learn, perceive, understand ; perf., to know</gloss>"
colo,"colo, to till, tend, care for, cultivate",4,"colo,","colo,","to till, tend, care for, cultivate","<gloss>to till, tend, care for, cultivate</gloss>"
compono,"compono, to bring together, place together, collect, unite, join, connect, aggregate",7,"compono,","compono,","to bring together, place together, collect, unite, join, connect, aggregate","<gloss>to bring together, place together, collect, unite, join, connect, aggregate</gloss>"
congero,"congero, to bring together, collect, heap up, throw together",7,"congero,","congero,","to bring together, collect, heap up, throw together","<gloss>to bring together, collect, heap up, throw together</gloss>"
connitor,"conitor, to put forth all one’s strength, make an effort, strive, struggle, endeavor",8,"conitor, ","connitor,","conitor, to put forth all one’s strength, make an effort, strive, struggle, endeavor","<gloss>conitor, to put forth all one’s strength, make an effort, strive, struggle, endeavor</gloss>"
consero,"consero, to sow, plant",7,"consero,","consero,","to sow, plant","<gloss>to sow, plant</gloss>"
contagium,"contagium, infection, contagion, taint",9,"contagium,","contagium,","infection, contagion, taint","<gloss>infection, contagion, taint</gloss>"
copia,"copia, an abundance, ample supply, plenty; (usu. pl.) troops, forces",5,"copia,","copia,","an abundance, ample supply, plenty; (usu. pl.) troops, forces","<gloss>an abundance, ample supply, plenty; (usu. pl.) troops, forces</gloss>"
corylus,"corylus, a hazel-tree, filberttree",7,"corylus,","corylus,","a hazel-tree, filberttree","<gloss>a hazel-tree, filberttree</gloss>"
Creta,Crete,5,Crete,"Creta,",Crete,<gloss>Crete</gloss>
culmen,"culmen, the top, summit, roof, gable",6,"culmen,","culmen,","the top, summit, roof, gable","<gloss>the top, summit, roof, gable</gloss>"
cum,"cum, with, together with, in the company of, in connection with, along with, together, and",3,"cum,","cum,","with, together with, in the company of, in connection with, along with, together, and","<gloss>with, together with, in the company of, in connection with, along with, together, and</gloss>"
cupressus,"cupressus, the cypress (an evergreen tree, sacred to Pluto)",9,"cupressus,","cupressus,","the cypress (an evergreen tree, sacred to Pluto)","<gloss>the cypress (an evergreen tree, sacred to Pluto)</gloss>"
cura,"cura, trouble, care, attention, pains, industry, diligence, exertion",4,"cura,","cura,","trouble, care, attention, pains, industry, diligence, exertion","<gloss>trouble, care, attention, pains, industry, diligence, exertion</gloss>"
cytisus,"cytisus, a kind of clover, shrubby clover",7,"cytisus,","cytisus,","a kind of clover, shrubby clover","<gloss>a kind of clover, shrubby clover</gloss>"
de,"de2, from, away from, down from, out of",2,de2,"de,","de2, from, away from, down from, out of","<gloss>de2, from, away from, down from, out of</gloss>"
densus,"densus, thick, close, compact, dense, crowded",6,"densus,","densus,","thick, close, compact, dense, crowded","<gloss>thick, close, compact, dense, crowded</gloss>"
depascor,"depascor, to eat up, feed on, consume",8,"depascor,","depascor,","to eat up, feed on, consume","<gloss>to eat up, feed on, consume</gloss>"
depello,"depello, to drive out, drive away, remove, expel, put out, put off, turn aside",7,"depello,","depello,","to drive out, drive away, remove, expel, put out, put off, turn aside","<gloss>to drive out, drive away, remove, expel, put out, put off, turn aside</gloss>"
destituo,"destituo, to set down, set forth, put away, bring forward, leave alone",8,"destituo,","destituo,","to set down, set forth, put away, bring forward, leave alone","<gloss>to set down, set forth, put away, bring forward, leave alone</gloss>"
deus,"deus, a god, deity",4,"deus,","deus,","a god, deity","<gloss>a god, deity</gloss>"
dextera,"dextera, the right hand",7,"dextera,","dextera,",the right hand,<gloss>the right hand</gloss>
dico,"dico, to dedicate, consecrate, devote",4,"dico,","dico,","to dedicate, consecrate, devote","<gloss>to dedicate, consecrate, devote</gloss>"
dies,"dies, a day, civil day",4,"dies,","dies,","a day, civil day","<gloss>a day, civil day</gloss>"
discordia,"discordia, disunion, disagreement, dissension, variance, discord",9,"discordia,","discordia,","disunion, disagreement, dissension, variance, discord","<gloss>disunion, disagreement, dissension, variance, discord</gloss>"
diuido,"divido, to divide, force asunder, part",6,"divido,","diuido,","divido, to divide, force asunder, part","<gloss>divido, to divide, force asunder, part</gloss>"
diuus,"divus, divine; subst. god",5,"divus,","diuus,","divus, divine; subst. god","<gloss>divus, divine; subst. god</gloss>"
do,"do, to hand over, deliver, give up, render, furnish, pay, surrender",2,"do,","do,","to hand over, deliver, give up, render, furnish, pay, surrender","<gloss>to hand over, deliver, give up, render, furnish, pay, surrender</gloss>"
doceo,"doceo, to cause to know, make aware, teach, instruct, inform, show, prove, convince, tell",5,"doceo,","doceo,","to cause to know, make aware, teach, instruct, inform, show, prove, convince, tell","<gloss>to cause to know, make aware, teach, instruct, inform, show, prove, convince, tell</gloss>"
domus,"domus, a house, dwelling-house, building, mansion, palace",5,"domus,","domus,","a house, dwelling-house, building, mansion, palace","<gloss>a house, dwelling-house, building, mansion, palace</gloss>"
duco,"duco, to lead, conduct, guide, direct, draw, bring, fetch, escort",4,"duco,","duco,","to lead, conduct, guide, direct, draw, bring, fetch, escort","<gloss>to lead, conduct, guide, direct, draw, bring, fetch, escort</gloss>"
dulcis,"dulcis, sweet",6,"dulcis,","dulcis,",sweet,<gloss>sweet</gloss>
dum,"dum, a while, now, yet",3,"dum,","dum,","a while, now, yet","<gloss>a while, now, yet</gloss>"
dumosus,"dumosus, full of thorn-bushes, bushy",7,"dumosus,","dumosus,","full of thorn-bushes, bushy","<gloss>full of thorn-bushes, bushy</gloss>"
effero,"effero, to carry out, take out, bring forth, take away, remove",6,"effero,","effero,","to carry out, take out, bring forth, take away, remove","<gloss>to carry out, take out, bring forth, take away, remove</gloss>"
ego,"ego, I, me, we, us",3,"ego,","ego,","I, me, we, us","<gloss>I, me, we, us</gloss>"
en,"en, interj., calling attention, or expressing surprise or indignation, lo! behold! see! there!",2,"en,","en,","interj., calling attention, or expressing surprise or indignation, lo! behold! see! there!","<gloss>interj., calling attention, or expressing surprise or indignation, lo! behold! see! there!</gloss>"
enim,"enim, for, for instance, namely, that is to say, I mean, in fact",4,"enim,","enim,","for, for instance, namely, that is to say, I mean, in fact","<gloss>for, for instance, namely, that is to say, I mean, in fact</gloss>"
eo,"eo, to go, walk, ride, sail, fly, move, pass",2,"eo,","eo,","to go, walk, ride, sail, fly, move, pass","<gloss>to go, walk, ride, sail, fly, move, pass</gloss>"
equidem,"equidem, verily, truly, indeed, at all events",7,"equidem,","equidem,","verily, truly, indeed, at all events","<gloss>verily, truly, indeed, at all events</gloss>"
ergo,"ergo, in consequence of, on account of, because of, for the sake of (old)",4,"ergo,","ergo,","in consequence of, on account of, because of, for the sake of (old)","<gloss>in consequence of, on account of, because of, for the sake of (old)</gloss>"
erro,"erro, to wander, rove, stray, go astray",4,"erro,","erro,","to wander, rove, stray, go astray","<gloss>to wander, rove, stray, go astray</gloss>"
et,"et, and",2,"et,","et,",and,<gloss>and</gloss>
etiam,"etiam, now too, yet, as yet, even yet, still, even now",5,"etiam,","etiam,","now too, yet, as yet, even yet, still, even now","<gloss>now too, yet, as yet, even yet, still, even now</gloss>"
exeo,"exeo, to go out, go forth, go away, depart, withdraw, retire",4,"exeo,","exeo,","to go out, go forth, go away, depart, withdraw, retire","<gloss>to go out, go forth, go away, depart, withdraw, retire</gloss>"
exsul,"exsul, a banished person, wanderer, exile",5,"exsul,","exsul,","a banished person, wanderer, exile","<gloss>a banished person, wanderer, exile</gloss>"
facio,"facio, to make, construct, fashion, frame, build, erect, produce, compose",5,"facio,","facio,","to make, construct, fashion, frame, build, erect, produce, compose","<gloss>to make, construct, fashion, frame, build, erect, produce, compose</gloss>"
fagus,"fagus, a beech-tree",5,"fagus,","fagus,",a beech-tree,<gloss>a beech-tree</gloss>
fateor,"fateor, to confess, own, grant, acknowledge",6,"fateor,","fateor,","to confess, own, grant, acknowledge","<gloss>to confess, own, grant, acknowledge</gloss>"
felix,"felix, fruitful, productive",5,"felix,","felix,","fruitful, productive","<gloss>fruitful, productive</gloss>"
fetus,"fetus, filled with young, pregnant, breeding, with young",5,"fetus,","fetus,","filled with young, pregnant, breeding, with young","<gloss>filled with young, pregnant, breeding, with young</gloss>"
finis,"finis, that which divides, a boundary, limit, border",5,"finis,","finis,","that which divides, a boundary, limit, border","<gloss>that which divides, a boundary, limit, border</gloss>"
floreo,"floreo, to bloom, blossom, flower",6,"floreo,","floreo,","to bloom, blossom, flower","<gloss>to bloom, blossom, flower</gloss>"
flos,"flos, a blossom, flower",4,"flos,","flos,","a blossom, flower","<gloss>a blossom, flower</gloss>"
flumen,"flumen, a flowing, flood, stream, running water",6,"flumen,","flumen,","a flowing, flood, stream, running water","<gloss>a flowing, flood, stream, running water</gloss>"
fons,"fons, a spring, fountain, well, source",4,"fons,","fons,","a spring, fountain, well, source","<gloss>a spring, fountain, well, source</gloss>"
formosus,"formosus, finely formed, beautiful, handsome",8,"formosus,","formosus,","finely formed, beautiful, handsome","<gloss>finely formed, beautiful, handsome</gloss>"
fortunatus,"prospered, prosperous, lucky, happy, fortunate",10,"prospered, ","fortunatus,","prospered, prosperous, lucky, happy, fortunate","<gloss>prospered, prosperous, lucky, happy, fortunate</gloss>"
fretum,"fretum, a strait, sound, channel",6,"fretum,","fretum,","a strait, sound, channel","<gloss>a strait, sound, channel</gloss>"
frigus,"frigus, cold, coldness, coolness, chilliness",6,"frigus,","frigus,","cold, coldness, coolness, chilliness","<gloss>cold, coldness, coolness, chilliness</gloss>"
frondator,"frondator, one who strips off leaves, a dresser, pruner",9,"frondator,","frondator,","one who strips off leaves, a dresser, pruner","<gloss>one who strips off leaves, a dresser, pruner</gloss>"
frons,"frons, foliage, garland",5,"frons,","frons,","foliage, garland","<gloss>foliage, garland</gloss>"
fugio,"fugio, to flee, fly, take flight, run away, make off",5,"fugio,","fugio,","to flee, fly, take flight, run away, make off","<gloss>to flee, fly, take flight, run away, make off</gloss>"
fumo,"fumo, to smoke, steam, reek, fume",4,"fumo,","fumo,","to smoke, steam, reek, fume","<gloss>to smoke, steam, reek, fume</gloss>"
Galatea,"Galatea, a shepherdess",7,"Galatea,","Galatea,",a shepherdess,<gloss>a shepherdess</gloss>
gemellus,"gemellus, born together, twin-born, twin-",8,"gemellus,","gemellus,","born together, twin-born, twin-","<gloss>born together, twin-born, twin-</gloss>"
gemo,"gemo, to sigh, groan, lament",4,"gemo,","gemo,","to sigh, groan, lament","<gloss>to sigh, groan, lament</gloss>"
Germania,Germany,8,Germany,"Germania,",Germany,<gloss>Germany</gloss>
grauis,"gravis, heavy, weighty, ponderous, burdensome, loaded, laden, burdened",6,"gravis,","grauis,","gravis, heavy, weighty, ponderous, burdensome, loaded, laden, burdened","<gloss>gravis, heavy, weighty, ponderous, burdensome, loaded, laden, burdened</gloss>"
grex,"grex, a flock, herd, drove, swarm",4,"grex,","grex,","a flock, herd, drove, swarm","<gloss>a flock, herd, drove, swarm</gloss>"
habeo,"habeo, to have, hold, support, carry, wear",5,"habeo,","habeo,","to have, hold, support, carry, wear","<gloss>to have, hold, support, carry, wear</gloss>"
haedus,"haedus, a young goat, kid",6,"haedus,","haedus,","a young goat, kid","<gloss>a young goat, kid</gloss>"
hic,"hic, this (proximate: this here and now)",3,"hic,","hic,",this (proximate: this here and now),<gloss>this (proximate: this here and now)</gloss>
hinc,"hinc, from this place, hence",4,"hinc,","hinc,","from this place, hence","<gloss>from this place, hence</gloss>"
Hyblaeus,"Hyblaean, of Mt. Hybla",8,"Hyblaean,","Hyblaeus,","Hyblaean, of Mt. Hybla","<gloss>Hyblaean, of Mt. Hybla</gloss>"
iam,"iam, I. Of time, at the moment, at the present moment, now, at this time, just now, at present",3,"iam,","iam,","I. Of time, at the moment, at the present moment, now, at this time, just now, at present","<gloss>I. Of time, at the moment, at the present moment, now, at this time, just now, at present</gloss>"
ille,"ille, that",4,"ille,","ille,",that,<gloss>that</gloss>
imbuo,"imbuo, to wet, moisten, soak, steep, saturate",5,"imbuo,","imbuo,","to wet, moisten, soak, steep, saturate","<gloss>to wet, moisten, soak, steep, saturate</gloss>"
impius,"impius, of persons, irreverent, ungodly, undutiful, unpatriotic, abandoned, wicked, impious",6,"impius,","impius,","of persons, irreverent, ungodly, undutiful, unpatriotic, abandoned, wicked, impious","<gloss>of persons, irreverent, ungodly, undutiful, unpatriotic, abandoned, wicked, impious</gloss>"
in,"in, into, to",2,"in,","in,","into, to","<gloss>into, to</gloss>"
ineo,"ineo, to go into, enter",4,"ineo,","ineo,","to go into, enter","<gloss>to go into, enter</gloss>"
iners,"iners, without skill, unskilful, incompetent",5,"iners,","iners,","without skill, unskilful, incompetent","<gloss>without skill, unskilful, incompetent</gloss>"
ingratus,"ingratus, unpleasant, disagreeable, unacceptable",8,"ingratus,","ingratus,","unpleasant, disagreeable, unacceptable","<gloss>unpleasant, disagreeable, unacceptable</gloss>"
insero,"insero, to implant, ingraft",6,"insero,","insero,","to implant, ingraft","<gloss>to implant, ingraft</gloss>"
insuetus,"insuetus2, unaccustomed, unused, inexperienced",8,insuetus2,"insuetus,","insuetus2, unaccustomed, unused, inexperienced","<gloss>insuetus2, unaccustomed, unused, inexperienced</gloss>"
inter,"inter, between, betwixt",5,"inter,","inter,","between, betwixt","<gloss>between, betwixt</gloss>"
interea,"interea, meanwhile, in the meantime, in the interim",7,"interea,","interea,","meanwhile, in the meantime, in the interim","<gloss>meanwhile, in the meantime, in the interim</gloss>"
inuideo,"invideo, to look askance at, cast an evil eye upon",7,"invideo,","inuideo,","invideo, to look askance at, cast an evil eye upon","<gloss>invideo, to look askance at, cast an evil eye upon</gloss>"
ipse,"ipse, Self",4,"ipse,","ipse,",Self,<gloss>Self</gloss>
iste,"iste, this, that, he, she",4,"iste,","iste,","this, that, he, she","<gloss>this, that, he, she</gloss>"
iuncus,"iuncus, a rush",6,"iuncus,","iuncus,",a rush,<gloss>a rush</gloss>
iuuenis,"iuvenis, young, youthful",7,"iuvenis,","iuuenis,","iuvenis, young, youthful","<gloss>iuvenis, young, youthful</gloss>"
labor,"labor, to glide, slide, move, slip, float, pass, flow",5,"labor,","labor,","to glide, slide, move, slip, float, pass, flow","<gloss>to glide, slide, move, slip, float, pass, flow</gloss>"
lac,"lac, milk",3,"lac,","lac,",milk,<gloss>milk</gloss>
laedo,"laedo, to hurt, wound, injure, damage",5,"laedo,","laedo,","to hurt, wound, injure, damage","<gloss>to hurt, wound, injure, damage</gloss>"
laeuus,"laevus, left, on the left side",6,"laevus,","laeuus,","laevus, left, on the left side","<gloss>laevus, left, on the left side</gloss>"
lapis,"lapis, a stone",5,"lapis,","lapis,",a stone,<gloss>a stone</gloss>
lentus,"lentus, pliant, flexible, tough, tenacious, sticky, viscous",6,"lentus,","lentus,","pliant, flexible, tough, tenacious, sticky, viscous","<gloss>pliant, flexible, tough, tenacious, sticky, viscous</gloss>"
leuis,"levis, light, not heavy",5,"levis,","leuis,","levis, light, not heavy","<gloss>levis, light, not heavy</gloss>"
libertas,freedom,8,freedom,"libertas,",freedom,<gloss>freedom</gloss>
licet,"licet, It is lawful, is allowed, is permitted; (conj) although",5,"licet,","licet,","It is lawful, is allowed, is permitted; (conj) although","<gloss>It is lawful, is allowed, is permitted; (conj) although</gloss>"
limes,"limes, a path, passage, road, way, track",5,"limes,","limes,","a path, passage, road, way, track","<gloss>a path, passage, road, way, track</gloss>"
limosus,"limosus, full of mud, slimy, miry, muddy",7,"limosus,","limosus,","full of mud, slimy, miry, muddy","<gloss>full of mud, slimy, miry, muddy</gloss>"
linquo,"linquo, to go away, leave, quit, forsake, depart from",6,"linquo,","linquo,","to go away, leave, quit, forsake, depart from","<gloss>to go away, leave, quit, forsake, depart from</gloss>"
litus,"litus2, a smearing, anointing",5,litus2,"litus,","litus2, a smearing, anointing","<gloss>litus2, a smearing, anointing</gloss>"
longus,"longus, long, extended",6,"longus,","longus,","long, extended","<gloss>long, extended</gloss>"
ludo,"ludo, to play, play at a game",4,"ludo,","ludo,","to play, play at a game","<gloss>to play, play at a game</gloss>"
maestus,"maestus, full of sadness, sad, sorrowful, dejected, melancholy, gloomy, despondent",7,"maestus,","maestus,","full of sadness, sad, sorrowful, dejected, melancholy, gloomy, despondent","<gloss>full of sadness, sad, sorrowful, dejected, melancholy, gloomy, despondent</gloss>"
magis,"magis, more, in a higher degree, more completely",5,"magis,","magis,","more, in a higher degree, more completely","<gloss>more, in a higher degree, more completely</gloss>"
magnus,"magnus, large, great, big, high, tall, long, broad, extensive, spacious",6,"magnus,","magnus,","large, great, big, high, tall, long, broad, extensive, spacious","<gloss>large, great, big, high, tall, long, broad, extensive, spacious</gloss>"
malum,"malum, an evil, mischief",5,"malum,","malum,","an evil, mischief","<gloss>an evil, mischief</gloss>"
maneo,"maneo, to stay, remain, abide, tarry",5,"maneo,","maneo,","to stay, remain, abide, tarry","<gloss>to stay, remain, abide, tarry</gloss>"
mater,"mater, a mother",5,"mater,","mater,",a mother,<gloss>a mother</gloss>
meditor,"meditor, to reflect, muse, consider, meditate, give attention",7,"meditor,","meditor,","to reflect, muse, consider, meditate, give attention","<gloss>to reflect, muse, consider, meditate, give attention</gloss>"
Meliboeus,"Meliboeus, a country swain",9,"Meliboeus,","Meliboeus,",a country swain,<gloss>a country swain</gloss>
memini,"memini, I remember, recollect, think of, am mindful of, bear in mind",6,"memini,","memini,","I remember, recollect, think of, am mindful of, bear in mind","<gloss>I remember, recollect, think of, am mindful of, bear in mind</gloss>"
mens,"mens, the mind, disposition, feeling, character, heart, soul",4,"mens,","mens,","the mind, disposition, feeling, character, heart, soul","<gloss>the mind, disposition, feeling, character, heart, soul</gloss>"
meus,"meus, of me, my, mine, belonging to me, my own",4,"meus,","meus,","of me, my, mine, belonging to me, my own","<gloss>of me, my, mine, belonging to me, my own</gloss>"
miles,"miles, a soldier",5,"miles,","miles,",a soldier,<gloss>a soldier</gloss>
miror,"miror, to wonder, marvel, be astonished, be amazed, admire",5,"miror,","miror,","to wonder, marvel, be astonished, be amazed, admire","<gloss>to wonder, marvel, be astonished, be amazed, admire</gloss>"
miser,"miser, wretched, unfortunate, miserable, pitiable, lamentable, in distress",5,"miser,","miser,","wretched, unfortunate, miserable, pitiable, lamentable, in distress","<gloss>wretched, unfortunate, miserable, pitiable, lamentable, in distress</gloss>"
mitis,"mitis, mild, mellow, mature, ripe",5,"mitis,","mitis,","mild, mellow, mature, ripe","<gloss>mild, mellow, mature, ripe</gloss>"
modo,"modo, by a measure, with a limit; just now; at all; only",4,"modo,","modo,","by a measure, with a limit; just now; at all; only","<gloss>by a measure, with a limit; just now; at all; only</gloss>"
mollis,"mollis, yielding, pliant, flexible, supple, soft, tender, delicate, gentle, mild, pleasant",6,"mollis,","mollis,","yielding, pliant, flexible, supple, soft, tender, delicate, gentle, mild, pleasant","<gloss>yielding, pliant, flexible, supple, soft, tender, delicate, gentle, mild, pleasant</gloss>"
mons,"mons, a mountain, mount, range of mountains",4,"mons,","mons,","a mountain, mount, range of mountains","<gloss>a mountain, mount, range of mountains</gloss>"
multus,"multus, many, a great number",6,"multus,","multus,","many, a great number","<gloss>many, a great number</gloss>"
Musa,"Musa, a muse, one of the nine Muses (goddesses of poetry, music, and all liberal arts)",4,"Musa,","Musa,","a muse, one of the nine Muses (goddesses of poetry, music, and all liberal arts)","<gloss>a muse, one of the nine Muses (goddesses of poetry, music, and all liberal arts)</gloss>"
namque,"namque, I. An explanation, for, and in fact",6,"namque,","namque,","I. An explanation, for, and in fact","<gloss>I. An explanation, for, and in fact</gloss>"
nec,"nec, and not, also not, nor",3,"nec,","nec,","and not, also not, nor","<gloss>and not, also not, nor</gloss>"
neque,"neque, and not",5,"neque,","neque,",and not,<gloss>and not</gloss>
non,"non, not, by no means, not at all",3,"non,","non,","not, by no means, not at all","<gloss>not, by no means, not at all</gloss>"
nos,"we, us",3,"we, ","nos,","we, us","<gloss>we, us</gloss>"
nosco,"nosco, to get knowledge of, become acquainted with, come to know, learn, discern",5,"nosco,","nosco,","to get knowledge of, become acquainted with, come to know, learn, discern","<gloss>to get knowledge of, become acquainted with, come to know, learn, discern</gloss>"
noster,"noster, our, our own, ours, of us",6,"noster,","noster,","our, our own, ours, of us","<gloss>our, our own, ours, of us</gloss>"
notus,"notus, known",5,"notus,","notus,",known,<gloss>known</gloss>
nouale,"novalis, ploughed anew, ploughed for the first time",6,novalis,"nouale,","novalis, ploughed anew, ploughed for the first time","<gloss>novalis, ploughed anew, ploughed for the first time</gloss>"
nox,"nox, night",3,"nox,","nox,",night,<gloss>night</gloss>
nudus,"nudus, naked, bare, unclothed, stripped, uncovered, exposed",5,"nudus,","nudus,","naked, bare, unclothed, stripped, uncovered, exposed","<gloss>naked, bare, unclothed, stripped, uncovered, exposed</gloss>"
nullus,"nullus, not any, none, no",6,"nullus,","nullus,","not any, none, no","<gloss>not any, none, no</gloss>"
nunc,"nunc, now, at present, at this time",4,"nunc,","nunc,","now, at present, at this time","<gloss>now, at present, at this time</gloss>"
o,"o, O! oh!",1,"o,","o,",O! oh!,<gloss>O! oh!</gloss>
Oaxes,the Oaxes (a river in Crete),5,the Oa,"Oaxes,",the Oaxes (a river in Crete),<gloss>the Oaxes (a river in Crete)</gloss>
obduco,"obduco, to draw before, draw forward, bring over",6,"obduco,","obduco,","to draw before, draw forward, bring over","<gloss>to draw before, draw forward, bring over</gloss>"
omnis,"omnis, all, every",5,"omnis,","omnis,","all, every","<gloss>all, every</gloss>"
opacus,"opacus, in the shade, shaded, shady",6,"opacus,","opacus,","in the shade, shaded, shady","<gloss>in the shade, shaded, shady</gloss>"
orbis,"orbis, a ring, circle, circular path, hoop, orbit; the world",5,"orbis,","orbis,","a ring, circle, circular path, hoop, orbit; the world","<gloss>a ring, circle, circular path, hoop, orbit; the world</gloss>"
ordo,"ordo, a row, line, series, order, rank",4,"ordo,","ordo,","a row, line, series, order, rank","<gloss>a row, line, series, order, rank</gloss>"
otium,"otium, leisure, vacant time, freedom from business",5,"otium,","otium,","leisure, vacant time, freedom from business","<gloss>leisure, vacant time, freedom from business</gloss>"
ouile,"ovile, a sheepfold",5,"ovile,","ouile,","ovile, a sheepfold","<gloss>ovile, a sheepfold</gloss>"
ouis,"ovis, a sheep",4,"ovis,","ouis,","ovis, a sheep","<gloss>ovis, a sheep</gloss>"
pabulum,"pabulum, food, nourishment, food for cattle, fodder, pasturage, grass",7,"pabulum,","pabulum,","food, nourishment, food for cattle, fodder, pasturage, grass","<gloss>food, nourishment, food for cattle, fodder, pasturage, grass</gloss>"
palumbes,"palumbes, a woodpigeon, ring-dove",8,"palumbes,","palumbes,","a woodpigeon, ring-dove","<gloss>a woodpigeon, ring-dove</gloss>"
palus,"palus, a stake, prop, stay, pale",5,"palus,","palus,","a stake, prop, stay, pale","<gloss>a stake, prop, stay, pale</gloss>"
pars,"pars, a part, piece, portion, share, division, section",4,"pars,","pars,","a part, piece, portion, share, division, section","<gloss>a part, piece, portion, share, division, section</gloss>"
Parthus,Parthian,7,Parthian,"Parthus,",Parthian,<gloss>Parthian</gloss>
paruus,"parvus, little, small; (superl adv minime) not at all",6,"parvus,","paruus,","parvus, little, small; (superl adv minime) not at all","<gloss>parvus, little, small; (superl adv minime) not at all</gloss>"
pasco,"pasco, to cause to eat, feed, supply with food",5,"pasco,","pasco,","to cause to eat, feed, supply with food","<gloss>to cause to eat, feed, supply with food</gloss>"
pascor,"pascor, see pasco",6,"pascor,","pascor,",see pasco,<gloss>see pasco</gloss>
pascuum,"pascuum, pasture",7,"pascuum,","pascuum,",pasture,<gloss>pasture</gloss>
pastor,"pastor, a herdsman, shepherd",6,"pastor,","pastor,","a herdsman, shepherd","<gloss>a herdsman, shepherd</gloss>"
patior,"patior, to bear, support, undergo, suffer, endure",6,"patior,","patior,","to bear, support, undergo, suffer, endure","<gloss>to bear, support, undergo, suffer, endure</gloss>"
patria,"patria, a fatherland, native land, own country, native place",6,"patria,","patria,","a fatherland, native land, own country, native place","<gloss>a fatherland, native land, own country, native place</gloss>"
patrius,"patrius, of a father, fatherly, paternal",7,"patrius,","patrius,","of a father, fatherly, paternal","<gloss>of a father, fatherly, paternal</gloss>"
patulus,"patulus, spread out, standing open, open, wide",7,"patulus,","patulus,","spread out, standing open, open, wide","<gloss>spread out, standing open, open, wide</gloss>"
pauper,"pauper, poor, not wealthy, of small means",6,"pauper,","pauper,","poor, not wealthy, of small means","<gloss>poor, not wealthy, of small means</gloss>"
pectus,"pectus, a breast, breast-bone",6,"pectus,","pectus,","a breast, breast-bone","<gloss>a breast, breast-bone</gloss>"
peculium,"peculium, property",8,"peculium,","peculium,",property,<gloss>property</gloss>
pecus,"pecus, cattle",5,"pecus,","pecus,",cattle,<gloss>cattle</gloss>
pendeo,"pendeo, to hang, hang down, be suspended",6,"pendeo,","pendeo,","to hang, hang down, be suspended","<gloss>to hang, hang down, be suspended</gloss>"
pendo,"pendo, to suspend, weigh, weigh out; pay; value (w gen)",5,"pendo,","pendo,","to suspend, weigh, weigh out; pay; value (w gen)","<gloss>to suspend, weigh, weigh out; pay; value (w gen)</gloss>"
penitus,"penitus, inwardly, deeply, far within, into the inmost part",7,"penitus,","penitus,","inwardly, deeply, far within, into the inmost part","<gloss>inwardly, deeply, far within, into the inmost part</gloss>"
pererro,"pererro, to wander through, roam over",7,"pererro,","pererro,","to wander through, roam over","<gloss>to wander through, roam over</gloss>"
permitto,"permitto, to let pass, let go, let loose; to allow, permit",8,"permitto,","permitto,","to let pass, let go, let loose; to allow, permit","<gloss>to let pass, let go, let loose; to allow, permit</gloss>"
peto,"peto, to strive for, seek, aim at, repair to, make for, travel to",4,"peto,","peto,","to strive for, seek, aim at, repair to, make for, travel to","<gloss>to strive for, seek, aim at, repair to, make for, travel to</gloss>"
pinguis,"pinguis, fat",7,"pinguis,","pinguis,",fat,<gloss>fat</gloss>
pinus,"pinus, a pine, pine-tree, fir, firtree",5,"pinus,","pinus,","a pine, pine-tree, fir, firtree","<gloss>a pine, pine-tree, fir, firtree</gloss>"
pirus,"pirus, a pear-tree",5,"pirus,","pirus,",a pear-tree,<gloss>a pear-tree</gloss>
piscis,"piscis, a fish",6,"piscis,","piscis,",a fish,<gloss>a fish</gloss>
pomum,"pomum, a fruit, tree-fruit, orchard-fruit",5,"pomum,","pomum,","a fruit, tree-fruit, orchard-fruit","<gloss>a fruit, tree-fruit, orchard-fruit</gloss>"
pono,"pono, to put down, set down, put, place, set, fix, lay, deposit",4,"pono,","pono,","to put down, set down, put, place, set, fix, lay, deposit","<gloss>to put down, set down, put, place, set, fix, lay, deposit</gloss>"
possum,"possum, to be able, have power, can",6,"possum,","possum,","to be able, have power, can","<gloss>to be able, have power, can</gloss>"
post,"post, behind, back backwards",4,"post,","post,","behind, back backwards","<gloss>behind, back backwards</gloss>"
posthac,"posthac, after this, hereafter, henceforth, in future",7,"posthac,","posthac,","after this, hereafter, henceforth, in future","<gloss>after this, hereafter, henceforth, in future</gloss>"
postquam,"postquam, after that, after, as soon as, when",8,"postquam,","postquam,","after that, after, as soon as, when","<gloss>after that, after, as soon as, when</gloss>"
praedico,"praedico2, to say before, premise",8,praedico2,"praedico,","praedico2, to say before, premise","<gloss>praedico2, to say before, premise</gloss>"
praesens,"praesens, at hand, in sight, present, in person",8,"praesens,","praesens,","at hand, in sight, present, in person","<gloss>at hand, in sight, present, in person</gloss>"
premo,"premo, to press",5,"premo,","premo,",to press,<gloss>to press</gloss>
primus,"primus, the first, first",6,"primus,","primus,","the first, first","<gloss>the first, first</gloss>"
procul,"procul, in the distance, at a distance, away, apart, far, afar off, from afar",6,"procul,","procul,","in the distance, at a distance, away, apart, far, afar off, from afar","<gloss>in the distance, at a distance, away, apart, far, afar off, from afar</gloss>"
produco,"produco, to lead forth, lead forward, bring out",7,"produco,","produco,","to lead forth, lead forward, bring out","<gloss>to lead forth, lead forward, bring out</gloss>"
proicio,"proicio, to throw forth, cast before, throw out, throw down, throw",7,"proicio,","proicio,","to throw forth, cast before, throw out, throw down, throw","<gloss>to throw forth, cast before, throw out, throw down, throw</gloss>"
protinus,"protinus, right onward, forward, farther on, onward",8,"protinus,","protinus,","right onward, forward, farther on, onward","<gloss>right onward, forward, farther on, onward</gloss>"
puer,"puer, a male child, boy, lad, young man",4,"puer,","puer,","a male child, boy, lad, young man","<gloss>a male child, boy, lad, young man</gloss>"
puto,"puto, to believe, reckon; to clean, cleanse, trim, prune",4,"puto,","puto,","to believe, reckon; to clean, cleanse, trim, prune","<gloss>to believe, reckon; to clean, cleanse, trim, prune</gloss>"
quam,"quam, in what manner, to what degree, how greatly, how, how much",4,"quam,","quam,","in what manner, to what degree, how greatly, how, how much","<gloss>in what manner, to what degree, how greatly, how, how much</gloss>"
quamuis,"quivis, whoever it be, whom you please, any one, any whatever, anything",7,"quivis, ","quamuis,","quivis, whoever it be, whom you please, any one, any whatever, anything","<gloss>quivis, whoever it be, whom you please, any one, any whatever, anything</gloss>"
quamuis,"quamvis, I. Adv, as you will, as much as you will, however much, as much as possible, very much, extremely, exceedingly",7,"quamvis,","quamuis,","quamvis, I. Adv, as you will, as much as you will, however much, as much as possible, very much, extremely, exceedingly","<gloss>quamvis, I. Adv, as you will, as much as you will, however much, as much as possible, very much, extremely, exceedingly</gloss>"
quantum,"quantum, as much as, so much as, to as great an extent",7,"quantum,","quantum,","as much as, so much as, to as great an extent","<gloss>as much as, so much as, to as great an extent</gloss>"
que,"que, and",3,"que,","que,",and,<gloss>and</gloss>
quercus,"quercus, an oak, oak-tree, Italian oak",7,"quercus,","quercus,","an oak, oak-tree, Italian oak","<gloss>an oak, oak-tree, Italian oak</gloss>"
qui,"qui, who, which, what",3,"qui,","qui,","who, which, what","<gloss>who, which, what</gloss>"
quis,"quis, who? which one?",4,"quis,","quis,",who? which one?,<gloss>who? which one?</gloss>
quo,"quo, where, in what place, in what situation",3,"quo,","quo,","where, in what place, in what situation","<gloss>where, in what place, in what situation</gloss>"
quondam,"quondam, at some time, at one time, once, heretofore, formerly, on a time",7,"quondam,","quondam,","at some time, at one time, once, heretofore, formerly, on a time","<gloss>at some time, at one time, once, heretofore, formerly, on a time</gloss>"
quot,"quot, how many?",4,"quot,","quot,",how many?,<gloss>how many?</gloss>
rapidus,"rapidus, tearing away, seizing, fierce",7,"rapidus,","rapidus,","tearing away, seizing, fierce","<gloss>tearing away, seizing, fierce</gloss>"
raucus,"raucus, hoarse",6,"raucus,","raucus,",hoarse,<gloss>hoarse</gloss>
recubo,"recubo, to lie upon the back, lie down, lie back, recline",6,"recubo,","recubo,","to lie upon the back, lie down, lie back, recline","<gloss>to lie upon the back, lie down, lie back, recline</gloss>"
redeo,"redeo, Of persons, to go back, turn back, return, turn around",5,"redeo,","redeo,","Of persons, to go back, turn back, return, turn around","<gloss>Of persons, to go back, turn back, return, turn around</gloss>"
regnum,"regnum, kingly government, royal authority, kingship, royalty",6,"regnum,","regnum,","kingly government, royal authority, kingship, royalty","<gloss>kingly government, royal authority, kingship, royalty</gloss>"
relinquo,"relinquo, to leave behind, not take along, not stay with, leave, move away from, quit, abandon",8,"relinquo,","relinquo,","to leave behind, not take along, not stay with, leave, move away from, quit, abandon","<gloss>to leave behind, not take along, not stay with, leave, move away from, quit, abandon</gloss>"
requiesco,"requiesco, to rest, take rest, repose",9,"requiesco,","requiesco,","to rest, take rest, repose","<gloss>to rest, take rest, repose</gloss>"
resono,"resono, to sound again, resound, ring, re-echo",6,"resono,","resono,","to sound again, resound, ring, re-echo","<gloss>to sound again, resound, ring, re-echo</gloss>"
respicio,"respicio, to look back, look behind, look about, see behind, look back upon, gaze at, look for",8,"respicio,","respicio,","to look back, look behind, look about, see behind, look back upon, gaze at, look for","<gloss>to look back, look behind, look about, see behind, look back upon, gaze at, look for</gloss>"
responsum,"responsum, an answer, reply, response",9,"responsum,","responsum,","an answer, reply, response","<gloss>an answer, reply, response</gloss>"
Roma,Rome,4,Rome,"Roma,",Rome,<gloss>Rome</gloss>
rupes,"rupes, a rock, cliff",5,"rupes,","rupes,","a rock, cliff","<gloss>a rock, cliff</gloss>"
rus,"rus, the country, lands, fields, a country-seat, farm, estate (opp. urbs)",3,"rus,","rus,","the country, lands, fields, a country-seat, farm, estate (opp. urbs)","<gloss>the country, lands, fields, a country-seat, farm, estate (opp. urbs)</gloss>"
sacer,"sacer, dedicated, consecrated, devoted, sacred",5,"sacer,","sacer,","dedicated, consecrated, devoted, sacred","<gloss>dedicated, consecrated, devoted, sacred</gloss>"
saepe,"saepe, often, oft, oftentimes, many times, frequently",5,"saepe,","saepe,","often, oft, oftentimes, many times, frequently","<gloss>often, oft, oftentimes, many times, frequently</gloss>"
saepes,"saepes, a hedge, fence",6,"saepes,","saepes,","a hedge, fence","<gloss>a hedge, fence</gloss>"
saepio,"saepio, to surround with a hedge, hedge in, fence in, enclose",6,"saepio,","saepio,","to surround with a hedge, hedge in, fence in, enclose","<gloss>to surround with a hedge, hedge in, fence in, enclose</gloss>"
salictum,"salictum, a plantation of willows, willow-grove",8,"salictum,","salictum,","a plantation of willows, willow-grove","<gloss>a plantation of willows, willow-grove</gloss>"
salix,"salix, a willow-tree, willow, sallow",5,"salix,","salix,","a willow-tree, willow, sallow","<gloss>a willow-tree, willow, sallow</gloss>"
satis,"satis, enough, sufficient, satisfactory, ample, adequate",5,"satis,","satis,","enough, sufficient, satisfactory, ample, adequate","<gloss>enough, sufficient, satisfactory, ample, adequate</gloss>"
Scythia,Scythia,7,Scythia,"Scythia,",Scythia,<gloss>Scythia</gloss>
sed,"sed, but, on the contrary, but also, but even, but in fact",3,"sed,","sed,","but, on the contrary, but also, but even, but in fact","<gloss>but, on the contrary, but also, but even, but in fact</gloss>"
seges,"seges, a grainfield",5,"seges,","seges,",a grainfield,<gloss>a grainfield</gloss>
semper,"semper, ever, always, at all times, continually, perpetually, forever",6,"semper,","semper,","ever, always, at all times, continually, perpetually, forever","<gloss>ever, always, at all times, continually, perpetually, forever</gloss>"
senex,"senex, old, aged, advanced in years",5,"senex,","senex,","old, aged, advanced in years","<gloss>old, aged, advanced in years</gloss>"
senus,six,5,six,"senus,",six,<gloss>six</gloss>
seruitium,"servitium, the condition of a slave, service, slavery, servitude",9,"servitium,","seruitium,","servitium, the condition of a slave, service, slavery, servitude","<gloss>servitium, the condition of a slave, service, slavery, servitude</gloss>"
serus,"serus, a late time, late hour",5,"serus,","serus,","a late time, late hour","<gloss>a late time, late hour</gloss>"
si,"si, if, when, inasmuch as, since",2,"si,","si,","if, when, inasmuch as, since","<gloss>if, when, inasmuch as, since</gloss>"
sic,"sic, thus, in this way, as I do, as you see",3,"sic,","sic,","thus, in this way, as I do, as you see","<gloss>thus, in this way, as I do, as you see</gloss>"
silex,"silex, a hard stone, flint, flint-stone, fire-stone, granite",5,"silex,","silex,","a hard stone, flint, flint-stone, fire-stone, granite","<gloss>a hard stone, flint, flint-stone, fire-stone, granite</gloss>"
silua,"woods, forest",5,"woods,","silua,","woods, forest","<gloss>woods, forest</gloss>"
siluestris,"silvestris, of a wood, of forest, overgrown with woods, wooded, woody",10,"silvestris,","siluestris,","silvestris, of a wood, of forest, overgrown with woods, wooded, woody","<gloss>silvestris, of a wood, of forest, overgrown with woods, wooded, woody</gloss>"
similis,"similis, like, resembling, similar",7,"similis,","similis,","like, resembling, similar","<gloss>like, resembling, similar</gloss>"
sitio,"sitio, to thirst, be thirsty",5,"sitio,","sitio,","to thirst, be thirsty","<gloss>to thirst, be thirsty</gloss>"
soleo,"soleo, to use, be wont, be accustomed",5,"soleo,","soleo,","to use, be wont, be accustomed","<gloss>to use, be wont, be accustomed</gloss>"
somnus,"somnus, sleep",6,"somnus,","somnus,",sleep,<gloss>sleep</gloss>
spes,"spes, hope",4,"spes,","spes,",hope,<gloss>hope</gloss>
stultus,"stultus, foolish, simple, silly, fatuous, stupid, dull",7,"stultus,","stultus,","foolish, simple, silly, fatuous, stupid, dull","<gloss>foolish, simple, silly, fatuous, stupid, dull</gloss>"
suadeo,"suadeo, to advise, recommend, exhort, urge, persuade",6,"suadeo,","suadeo,","to advise, recommend, exhort, urge, persuade","<gloss>to advise, recommend, exhort, urge, persuade</gloss>"
sub,"sub, under, below, beneath, underneath, behind",3,"sub,","sub,","under, below, beneath, underneath, behind","<gloss>under, below, beneath, underneath, behind</gloss>"
submitto,"to let down, put down, lower, sink, drop; send secretly; substitute",8,to let do,"submitto,","to let down, put down, lower, sink, drop; send secretly; substitute","<gloss>to let down, put down, lower, sink, drop; send secretly; substitute</gloss>"
sum,"sum, to be, exist, live",3,"sum,","sum,","to be, exist, live","<gloss>to be, exist, live</gloss>"
super,"super, to lie down on, cast oneself upon",5,"super,","super,","to lie down on, cast oneself upon","<gloss>to lie down on, cast oneself upon</gloss>"
superus,"superus, that is above, upper, higher",7,"superus,","superus,","that is above, upper, higher","<gloss>that is above, upper, higher</gloss>"
susurrus,"susurrus, a humming, murmuring, muttering, whispering",8,"susurrus,","susurrus,","a humming, murmuring, muttering, whispering","<gloss>a humming, murmuring, muttering, whispering</gloss>"
suus,"suus, of oneself, belonging to oneself, his own, her own, his, her, its, their",4,"suus,","suus,","of oneself, belonging to oneself, his own, her own, his, her, its, their","<gloss>of oneself, belonging to oneself, his own, her own, his, her, its, their</gloss>"
tam,"tam, in such a degree, as much, so, so much",3,"tam,","tam,","in such a degree, as much, so, so much","<gloss>in such a degree, as much, so, so much</gloss>"
tamen,"tamen, notwithstanding, nevertheless, for all that, however, yet, still",5,"tamen,","tamen,","notwithstanding, nevertheless, for all that, however, yet, still","<gloss>notwithstanding, nevertheless, for all that, however, yet, still</gloss>"
tango,"tango, to touch",5,"tango,","tango,",to touch,<gloss>to touch</gloss>
tantum,"tantum, so much, so greatly, to such a degree, so far, so long, so",6,"tantum,","tantum,","so much, so greatly, to such a degree, so far, so long, so","<gloss>so much, so greatly, to such a degree, so far, so long, so</gloss>"
tantus,"tantus, of such size, of such a measure, so great, such",6,"tantus,","tantus,","of such size, of such a measure, so great, such","<gloss>of such size, of such a measure, so great, such</gloss>"
taurus,"taurus, a bull, bullock, steer",6,"taurus,","taurus,","a bull, bullock, steer","<gloss>a bull, bullock, steer</gloss>"
tegimen,"tegimen, a covering, cover",7,"tegimen,","tegimen,","a covering, cover","<gloss>a covering, cover</gloss>"
tempus,"tempus, time, period, season, interval; (pl.) temples, face",6,"tempus,","tempus,","time, period, season, interval; (pl.) temples, face","<gloss>time, period, season, interval; (pl.) temples, face</gloss>"
teneo,"teneo, to hold, keep, have, grasp, hold fast",5,"teneo,","teneo,","to hold, keep, have, grasp, hold fast","<gloss>to hold, keep, have, grasp, hold fast</gloss>"
tener,"tener, soft, delicate, tender, yielding",5,"tener,","tener,","soft, delicate, tender, yielding","<gloss>soft, delicate, tender, yielding</gloss>"
tento,"tento, to handle, touch, feel; try",5,"tento,","tento,","to handle, touch, feel; try","<gloss>to handle, touch, feel; try</gloss>"
tenuis,"tenuis, drawn out, meagre, slim, thin, lank, slender",6,"tenuis,","tenuis,","drawn out, meagre, slim, thin, lank, slender","<gloss>drawn out, meagre, slim, thin, lank, slender</gloss>"
Tigris,the Tigris (river in Mesopotamia),6,the Tig,"Tigris,",the Tigris (river in Mesopotamia),<gloss>the Tigris (river in Mesopotamia)</gloss>
Tityrus,"Tityrus, a shepherd",7,"Tityrus,","Tityrus,",a shepherd,<gloss>a shepherd</gloss>
tondeo,"tondeo, to shear, clip, crop, shave",6,"tondeo,","tondeo,","to shear, clip, crop, shave","<gloss>to shear, clip, crop, shave</gloss>"
totus,"totus, all, all the, all at once, the whole, entire, total",5,"totus,","totus,","all, all the, all at once, the whole, entire, total","<gloss>all, all the, all at once, the whole, entire, total</gloss>"
tu,"tu, you",2,"tu,","tu,",you,<gloss>you</gloss>
tugurium,"tugurium, a hut, cot, cottage",8,"tugurium,","tugurium,","a hut, cot, cottage","<gloss>a hut, cot, cottage</gloss>"
turbo,"turbo, to make an uproar, move confusedly, be in disorder",5,"turbo,","turbo,","to make an uproar, move confusedly, be in disorder","<gloss>to make an uproar, move confusedly, be in disorder</gloss>"
turtur,"turtur, a turtle-dove",6,"turtur,","turtur,",a turtle-dove,<gloss>a turtle-dove</gloss>
tuus,"tuus, thy, thine, your, yours",4,"tuus,","tuus,","thy, thine, your, yours","<gloss>thy, thine, your, yours</gloss>"
uenio,"venio, to come",5,"venio,","uenio,","venio, to come","<gloss>venio, to come</gloss>"
uerum,"verum2, the truth",5,verum2,"uerum,","verum2, the truth","<gloss>verum2, the truth</gloss>"
uiburnum,"viburnum, the wayfaring-tree",8,"viburnum,","uiburnum,","viburnum, the wayfaring-tree","<gloss>viburnum, the wayfaring-tree</gloss>"
uicinus,"vicinus, of the neighborhood, near, neighboring; (noun) a neighbor",7,"vicinus,","uicinus,","vicinus, of the neighborhood, near, neighboring; (noun) a neighbor","<gloss>vicinus, of the neighborhood, near, neighboring; (noun) a neighbor</gloss>"
uictima,"victima, a beast for sacrifice, sacrifice, victim",7,"victima,","uictima,","victima, a beast for sacrifice, sacrifice, victim","<gloss>victima, a beast for sacrifice, sacrifice, victim</gloss>"
uideo,"video, to see, discern, perceive",5,"video,","uideo,","video, to see, discern, perceive","<gloss>video, to see, discern, perceive</gloss>"
uilla,"villa, a country-house, country-seat, farm, villa",5,"villa,","uilla,","villa, a country-house, country-seat, farm, villa","<gloss>villa, a country-house, country-seat, farm, villa</gloss>"
uiridis,"viridis, green",7,"viridis,","uiridis,","viridis, green","<gloss>viridis, green</gloss>"
uitis,"vitis, a vine, grape-vine",5,"vitis,","uitis,","vitis, a vine, grape-vine","<gloss>vitis, a vine, grape-vine</gloss>"
uix,"vix, with difficulty, with much ado, hardly, scarcely, barely",3,"vix,","uix,","vix, with difficulty, with much ado, hardly, scarcely, barely","<gloss>vix, with difficulty, with much ado, hardly, scarcely, barely</gloss>"
ulmus,"ulmus, an elm, elm-tree",5,"ulmus,","ulmus,","an elm, elm-tree","<gloss>an elm, elm-tree</gloss>"
umbra,"umbra, a shade, shadow",5,"umbra,","umbra,","a shade, shadow","<gloss>a shade, shadow</gloss>"
umquam,"umquam, at any time, ever",6,"umquam,","umquam,","at any time, ever","<gloss>at any time, ever</gloss>"
undique,"undique, from all parts, from every quarter, on all sides, all around, on every part, everywhere",7,"undique,","undique,","from all parts, from every quarter, on all sides, all around, on every part, everywhere","<gloss>from all parts, from every quarter, on all sides, all around, on every part, everywhere</gloss>"
uoco,"voco, to call, summon, invoke, call together, convoke",4,"voco,","uoco,","voco, to call, summon, invoke, call together, convoke","<gloss>voco, to call, summon, invoke, call together, convoke</gloss>"
uolo,"volo, to will, wish, want, purpose, be minded, determine",4,"volo,","uolo,","volo, to will, wish, want, purpose, be minded, determine","<gloss>volo, to will, wish, want, purpose, be minded, determine</gloss>"
uos,you (plural),3,you ,"uos,",you (plural),<gloss>you (plural)</gloss>
urbs,"urbs, a walled town, city",4,"urbs,","urbs,","a walled town, city","<gloss>a walled town, city</gloss>"
usque,"usque, all the way, right on, without interruption, continuously, even",5,"usque,","usque,","all the way, right on, without interruption, continuously, even","<gloss>all the way, right on, without interruption, continuously, even</gloss>"
ut,"ut, in order that, so that, when; as; how",2,"ut,","ut,","in order that, so that, when; as; how","<gloss>in order that, so that, when; as; how</gloss>"
uultus,"vultus, facial expression, face",6,"vultus,","uultus,","vultus, facial expression, face","<gloss>vultus, facial expression, face</gloss>"
